{
    "impacto": true,
    "v_x": 7.176524228343411,
    "v_y": 0.04249720745513308,
    "t_C": 0.4180296623470751,
    "x_C": 3.0,
    "y_C": 0.875
}