{
    "v_rebote": 6.014071960393866,
    "v_x_post": 2.3078563037231175,
    "v_y_post": 5.553634920136648
}