{
    "v_rebote": 5.69376219534193,
    "v_x_post": 1.8260039626772029,
    "v_y_post": 5.3930174731213425
}