{
    "t_caida": 1.268817533268948,
    "x_recorrido_DE": 2.928248542429158,
    "x_final_total": 5.458248542429158,
    "v_x_post": 2.3078563037231175,
    "v_y_post": 5.553634920136648
}