{
    "t_caida": 0.928094351396669,
    "x_recorrido_DE": 3.3499665085880506,
    "x_final_total": 6.34996650858805,
    "v_x_post": 3.6095107178992727,
    "v_y_post": 3.6095107178992727
}