{"v_B": 8.28673639015988, "theta_rad": 0.5235987755982989, "theta_deg": 30.000000000000004}