{
    "impacto": true,
    "v_x": 7.176524228343412,
    "v_y": 0.6849669955163527,
    "t_C": 0.3525383485793666,
    "x_C": 2.53,
    "y_C": 0.85
}